,Count,Min,1st Quart,Mean,Median,3rd Quart,Max,Std Dev
Hue,988,12,17.0,19.3279352227,19.0,20.0,94,6.74880023734
Saturation,988,39,142.0,155.844129555,159.0,175.0,212,26.7031589958
Lightness,988,70,135.0,158.102226721,163.0,184.0,239,33.7054200266
