,Count,Min,1st Quart,Mean,Median,3rd Quart,Max,Std Dev
Hue,66,14,16.0,28.1818181818,17.0,28.75,94,23.4668748426
Saturation,66,39,105.25,145.318181818,166.5,184.0,209,50.4882701922
Lightness,66,71,124.5,157.0,152.0,184.75,239,41.3624042441
