,Count,Min,1st Quart,Mean,Median,3rd Quart,Max,Std Dev
Hue,149,12,16.0,22.1812080537,17.0,20.0,94,16.6189241575
Saturation,149,39,118.0,139.624161074,144.0,168.0,209,38.9876036933
Lightness,149,71,111.0,142.590604027,140.0,170.0,239,40.877622802
