,Count,Min,1st Quart,Mean,Median,3rd Quart,Max,Std Dev
Hue,346,2,12.0,60.5780346821,49.5,107.0,155,47.7927967903
Saturation,346,4,19.0,35.8612716763,30.0,46.0,142,23.543793964
Lightness,346,33,81.0,110.88150289,106.0,135.75,233,40.804133221
