,Count,Min,1st Quart,Mean,Median,3rd Quart,Max,Std Dev
Hue,27,14,53.5,76.5555555556,78.0,96.5,146,30.2610045283
Saturation,27,16,43.5,66.4074074074,54.0,91.0,142,36.4216655702
Lightness,27,68,131.0,149.444444444,152.0,162.5,232,32.6715793736
