,Count,Min,1st Quart,Mean,Median,3rd Quart,Max,Std Dev
Hue,1416,3,9.0,26.0579096045,12.0,16.0,170,34.1040826645
Saturation,1416,3,44.0,78.831920904,81.0,111.0,200,39.7353888612
Lightness,1416,52,94.0,120.115112994,117.0,143.0,218,32.8267175852
