,Count,Min,1st Quart,Mean,Median,3rd Quart,Max,Std Dev
Hue,1416,2,10.0,25.6800847458,13.0,16.0,155,33.2186949439
Saturation,1416,1,30.75,64.186440678,61.0,97.0,159,37.1389281703
Lightness,1416,33,92.0,120.797316384,117.0,146.0,248,40.3231021056
