,Count,Min,1st Quart,Mean,Median,3rd Quart,Max,Std Dev
Hue,633,11,16.0,18.0126382306,18.0,19.0,41,3.49992076059
Saturation,633,26,110.0,127.639810427,128.0,146.0,214,30.3434234067
Lightness,633,46,99.0,123.232227488,120.0,142.0,248,33.4811461071
