,Min,1st Quart,Mean,Median,3rd Quart,Max,Std Dev
Hue,13,16.0,19.9298245614,17.0,17.0,41,7.75244081343
Saturation,26,141.0,155.789473684,178.0,190.0,214,54.1708592738
