,Count,Min,1st Quart,Mean,Median,3rd Quart,Max,Std Dev
Hue,99,7,10.0,10.3636363636,10.0,11.0,15,1.33677242425
Saturation,99,95,165.5,179.484848485,183.0,195.0,214,21.2129004186
Lightness,99,60,113.5,133.080808081,130.0,148.5,232,33.4955678563
