,Count,Min,1st Quart,Mean,Median,3rd Quart,Max,Std Dev
Hue,1078,8,15.0,16.2226345083,16.0,18.0,85,2.91795155834
Saturation,1078,26,113.0,127.397959184,130.0,142.0,213,26.7543327081
Lightness,1078,35,128.0,150.384972171,152.0,175.0,227,31.4248409319
