,Count,Min,1st Quart,Mean,Median,3rd Quart,Max,Std Dev
Hue,1078,7,14.0,15.620593692,16.0,17.0,85,3.02246118795
Saturation,1078,8,116.0,137.916512059,137.0,160.0,223,30.8824524343
Lightness,1078,80,142.0,153.183673469,154.0,167.0,204,20.1464865629
