,Count,Min,1st Quart,Mean,Median,3rd Quart,Max,Std Dev
Hue,277,8,14.0,14.9097472924,14.0,15.0,85,4.74350921993
Saturation,277,26,130.0,142.909747292,140.0,159.0,213,28.151263906
Lightness,277,35,118.0,133.505415162,134.0,151.0,204,26.1190859215
