,Count,Min,1st Quart,Mean,Median,3rd Quart,Max,Std Dev
Hue,616,11,15.0,16.7451298701,17.0,18.0,22,1.79419400456
Saturation,616,71,155.75,166.168831169,170.0,180.0,207,19.6702706637
Lightness,616,67,126.0,144.845779221,146.0,166.0,213,28.2129066044
