,Min,1st Quart,Mean,Median,3rd Quart,Max,Std Dev
Hue,16,16.0,16.75,16.5,17.25,18,0.829156197589
Saturation,149,156.5,169.5,172.0,185.0,185,15.8981130956
