,Count,Min,1st Quart,Mean,Median,3rd Quart,Max,Std Dev
Hue,616,10,14.0,15.8051948052,16.0,17.0,22,1.97246606172
Saturation,616,85,156.0,168.693181818,168.5,181.0,224,18.6517560959
Lightness,616,98,136.0,150.532467532,151.0,166.0,206,20.4412108669
