,Count,Min,1st Quart,Mean,Median,3rd Quart,Max,Std Dev
Hue,165,4,9.0,10.3818181818,10.0,12.0,28,3.35653632308
Saturation,165,61,181.0,186.006060606,196.0,203.0,212,28.2517893174
Lightness,165,70,109.0,139.345454545,131.0,166.0,246,39.6601707763
