,Count,Min,1st Quart,Mean,Median,3rd Quart,Max,Std Dev
Hue,1389,3,8.0,9.85601151908,10.0,11.0,38,2.64278393256
Saturation,1389,20,112.0,129.795536357,128.0,147.0,214,27.3348951993
Lightness,1389,87,134.0,151.046076314,151.0,166.0,224,22.9578612186
