,Count,Min,1st Quart,Mean,Median,3rd Quart,Max,Std Dev
Hue,1389,4,9.0,10.1079913607,10.0,11.0,38,2.55730595509
Saturation,1389,13,126.0,144.41612671,147.0,165.0,213,33.8970987497
Lightness,1389,55,99.0,127.146868251,119.0,151.0,253,39.5670962238
