,Count,Min,1st Quart,Mean,Median,3rd Quart,Max,Std Dev
Hue,2237,11,16.0,18.244523916,18.0,19.0,94,5.06176625418
Saturation,2237,26,132.0,150.706303084,156.0,174.0,214,30.1673031347
Lightness,2237,46,118.0,144.584711667,145.0,171.0,248,35.3252920947
