,Count,Min,1st Quart,Mean,Median,3rd Quart,Max,Std Dev
Hue,1398,11,16.0,17.8984263233,17.0,19.0,94,6.24084889646
Saturation,1398,26,124.0,145.894134478,150.0,173.0,214,32.9482006853
Lightness,1398,46,110.0,134.819027182,134.0,158.0,248,33.8809370091
