,Count,Min,1st Quart,Mean,Median,3rd Quart,Max,Std Dev
Hue,2237,10,15.0,17.4067948145,17.0,19.0,93,5.22484251543
Saturation,2237,32,143.0,159.131873044,165.0,180.0,226,29.6632425056
Lightness,2237,80,130.0,145.660706303,146.0,162.0,206,21.769153761
