,Count,Min,1st Quart,Mean,Median,3rd Quart,Max,Std Dev
Hue,1857,4,9.0,10.1868605277,10.0,11.0,38,2.32846164984
Saturation,1857,13,134.0,149.921917071,153.0,171.0,214,32.190146547
Lightness,1857,55,105.0,131.913839526,127.0,156.0,253,38.0417975376
